,occ_code,occ_title,o_group,tot_emp,area
1735,11-0000,Management Occupations,major,180530,47
1736,13-0000,Business and Financial Operations Occupations,major,134980,47
1737,15-0000,Computer and Mathematical Occupations,major,58850,47
1738,17-0000,Architecture and Engineering Occupations,major,42530,47
1739,19-0000,"Life, Physical, and Social Science Occupations",major,19500,47
1740,21-0000,Community and Social Service Occupations,major,35160,47
1741,23-0000,Legal Occupations,major,15710,47
1742,25-0000,Educational Instruction and Library Occupations,major,156830,47
1743,27-0000,"Arts, Design, Entertainment, Sports, and Media Occupations",major,31840,47
1744,29-0000,Healthcare Practitioners and Technical Occupations,major,199730,47
1745,31-0000,Healthcare Support Occupations,major,99910,47
1746,33-0000,Protective Service Occupations,major,70640,47
1747,35-0000,Food Preparation and Serving Related Occupations,major,282690,47
1748,37-0000,Building and Grounds Cleaning and Maintenance Occupations,major,83940,47
1749,39-0000,Personal Care and Service Occupations,major,57100,47
1750,41-0000,Sales and Related Occupations,major,282540,47
1751,43-0000,Office and Administrative Support Occupations,major,417440,47
1752,45-0000,"Farming, Fishing, and Forestry Occupations",major,5220,47
1753,47-0000,Construction and Extraction Occupations,major,100060,47
1754,49-0000,"Installation, Maintenance, and Repair Occupations",major,124230,47
1755,51-0000,Production Occupations,major,268790,47
1756,53-0000,Transportation and Material Moving Occupations,major,339500,47
30145,11-1011,Chief Executives,detailed,8720,47
30146,11-1021,General and Operations Managers,detailed,46030,47
30147,11-1031,Legislators,detailed,350,47
30148,11-2011,Advertising and Promotions Managers,detailed,530,47
30149,11-2021,Marketing Managers,detailed,4710,47
30150,11-2022,Sales Managers,detailed,7800,47
30151,11-2030,Public Relations and Fundraising Managers,detailed,1000,47
30152,11-3010,Administrative Services and Facilities Managers,detailed,7340,47
30153,11-3021,Computer and Information Systems Managers,detailed,6790,47
30154,11-3031,Financial Managers,detailed,16810,47
30155,11-3051,Industrial Production Managers,detailed,4550,47
30156,11-3061,Purchasing Managers,detailed,1560,47
30157,11-3071,"Transportation, Storage, and Distribution Managers",detailed,3550,47
30158,11-3111,Compensation and Benefits Managers,detailed,350,47
30159,11-3121,Human Resources Managers,detailed,4110,47
30160,11-3131,Training and Development Managers,detailed,1100,47
30161,11-9013,"Farmers, Ranchers, and Other Agricultural Managers",detailed,70,47
30162,11-9021,Construction Managers,detailed,6430,47
30163,11-9031,"Education and Childcare Administrators, Preschool and Daycare",detailed,770,47
30164,11-9032,"Education Administrators, Kindergarten through Secondary",detailed,5520,47
30165,11-9033,"Education Administrators, Postsecondary",detailed,**,47
30166,11-9039,"Education Administrators, All Other",detailed,710,47
30167,11-9041,Architectural and Engineering Managers,detailed,3080,47
30168,11-9051,Food Service Managers,detailed,10520,47
30169,11-9081,Lodging Managers,detailed,1330,47
30170,11-9111,Medical and Health Services Managers,detailed,9820,47
30171,11-9121,Natural Sciences Managers,detailed,430,47
30172,11-9131,Postmasters and Mail Superintendents,detailed,270,47
30173,11-9141,"Property, Real Estate, and Community Association Managers",detailed,4160,47
30174,11-9151,Social and Community Service Managers,detailed,2130,47
30175,11-9161,Emergency Management Directors,detailed,140,47
30176,11-9171,Funeral Home Managers,detailed,440,47
30177,11-9198,"Personal Service Managers, All Other; Entertainment and Recreation Managers, Except Gambling; and Managers, All Other",detailed,16600,47
30178,13-1011,"Agents and Business Managers of Artists, Performers, and Athletes",detailed,800,47
30179,13-1020,Buyers and Purchasing Agents,detailed,6490,47
30180,13-1031,"Claims Adjusters, Examiners, and Investigators",detailed,5670,47
30181,13-1032,"Insurance Appraisers, Auto Damage",detailed,180,47
30182,13-1041,Compliance Officers,detailed,6460,47
30183,13-1051,Cost Estimators,detailed,2660,47
30184,13-1071,Human Resources Specialists,detailed,12070,47
30185,13-1075,Labor Relations Specialists,detailed,830,47
30186,13-1081,Logisticians,detailed,3050,47
30187,13-1111,Management Analysts,detailed,8360,47
30188,13-1121,"Meeting, Convention, and Event Planners",detailed,1670,47
30189,13-1131,Fundraisers,detailed,690,47
30190,13-1141,"Compensation, Benefits, and Job Analysis Specialists",detailed,1560,47
30191,13-1151,Training and Development Specialists,detailed,5460,47
30192,13-1161,Market Research Analysts and Marketing Specialists,detailed,8970,47
30193,13-1198,"Project Management Specialists and Business Operations Specialists, All Other",detailed,19930,47
30194,13-2011,Accountants and Auditors,detailed,22580,47
30195,13-2020,Property Appraisers and Assessors,detailed,1140,47
30196,13-2031,Budget Analysts,detailed,580,47
30197,13-2041,Credit Analysts,detailed,1420,47
30198,13-2052,Personal Financial Advisors,detailed,2700,47
30199,13-2053,Insurance Underwriters,detailed,**,47
30200,13-2061,Financial Examiners,detailed,900,47
30201,13-2071,Credit Counselors,detailed,610,47
30202,13-2072,Loan Officers,detailed,5600,47
30203,13-2081,"Tax Examiners and Collectors, and Revenue Agents",detailed,1000,47
30204,13-2082,Tax Preparers,detailed,**,47
30205,13-2098,"Financial and Investment Analysts, Financial Risk Specialists, and Financial Specialists, All Other",detailed,8680,47
30206,15-1211,Computer Systems Analysts,detailed,9450,47
30207,15-1212,Information Security Analysts,detailed,1920,47
30208,15-1221,Computer and Information Research Scientists,detailed,210,47
30209,15-1231,Computer Network Support Specialists,detailed,3970,47
30210,15-1232,Computer User Support Specialists,detailed,9600,47
30211,15-1241,Computer Network Architects,detailed,2210,47
30212,15-1244,Network and Computer Systems Administrators,detailed,5000,47
30213,15-1245,Database Administrators and Architects,detailed,1910,47
30214,15-1251,Computer Programmers,detailed,2990,47
30215,15-1256,Software Developers and Software Quality Assurance Analysts and Testers,detailed,12030,47
30216,15-1257,Web Developers and Digital Interface Designers,detailed,1670,47
30217,15-1299,"Computer Occupations, All Other",detailed,5420,47
30218,15-2011,Actuaries,detailed,**,47
30219,15-2031,Operations Research Analysts,detailed,1270,47
30220,15-2041,Statisticians,detailed,530,47
30221,15-2098,"Data Scientists and Mathematical Science Occupations, All Other",detailed,260,47
30222,17-1011,"Architects, Except Landscape and Naval",detailed,1420,47
30223,17-1012,Landscape Architects,detailed,170,47
30224,17-1021,Cartographers and Photogrammetrists,detailed,220,47
30225,17-1022,Surveyors,detailed,1010,47
30226,17-2011,Aerospace Engineers,detailed,390,47
30227,17-2031,Bioengineers and Biomedical Engineers,detailed,470,47
30228,17-2041,Chemical Engineers,detailed,770,47
30229,17-2051,Civil Engineers,detailed,3380,47
30230,17-2061,Computer Hardware Engineers,detailed,330,47
30231,17-2071,Electrical Engineers,detailed,2530,47
30232,17-2072,"Electronics Engineers, Except Computer",detailed,1370,47
30233,17-2081,Environmental Engineers,detailed,1000,47
30234,17-2111,"Health and Safety Engineers, Except Mining Safety Engineers and Inspectors",detailed,500,47
30235,17-2112,Industrial Engineers,detailed,5470,47
30236,17-2131,Materials Engineers,detailed,640,47
30237,17-2141,Mechanical Engineers,detailed,3650,47
30238,17-2161,Nuclear Engineers,detailed,460,47
30239,17-2199,"Engineers, All Other",detailed,3950,47
30240,17-3011,Architectural and Civil Drafters,detailed,1130,47
30241,17-3012,Electrical and Electronics Drafters,detailed,270,47
30242,17-3013,Mechanical Drafters,detailed,1140,47
30243,17-3019,"Drafters, All Other",detailed,450,47
30244,17-3021,Aerospace Engineering and Operations Technologists and Technicians,detailed,160,47
30245,17-3022,Civil Engineering Technologists and Technicians,detailed,2100,47
30246,17-3023,Electrical and Electronic Engineering Technologists and Technicians,detailed,2810,47
30247,17-3024,Electro-Mechanical and Mechatronics Technologists and Technicians,detailed,440,47
30248,17-3025,Environmental Engineering Technologists and Technicians,detailed,650,47
30249,17-3026,Industrial Engineering Technologists and Technicians,detailed,1960,47
30250,17-3027,Mechanical Engineering Technologists and Technicians,detailed,1100,47
30251,17-3031,Surveying and Mapping Technicians,detailed,770,47
30252,17-3098,"Calibration Technologists and Technicians and Engineering Technologists and Technicians, Except Drafters, All Other",detailed,1500,47
30253,19-1012,Food Scientists and Technologists,detailed,120,47
30254,19-1013,Soil and Plant Scientists,detailed,140,47
30255,19-1021,Biochemists and Biophysicists,detailed,590,47
30256,19-1022,Microbiologists,detailed,160,47
30257,19-1023,Zoologists and Wildlife Biologists,detailed,180,47
30258,19-1029,"Biological Scientists, All Other",detailed,370,47
30259,19-1031,Conservation Scientists,detailed,210,47
30260,19-1032,Foresters,detailed,160,47
30261,19-1041,Epidemiologists,detailed,240,47
30262,19-1042,"Medical Scientists, Except Epidemiologists",detailed,1310,47
30263,19-2012,Physicists,detailed,380,47
30264,19-2021,Atmospheric and Space Scientists,detailed,150,47
30265,19-2031,Chemists,detailed,1240,47
30266,19-2032,Materials Scientists,detailed,120,47
30267,19-2041,"Environmental Scientists and Specialists, Including Health",detailed,1500,47
30268,19-2042,"Geoscientists, Except Hydrologists and Geographers",detailed,190,47
30269,19-2043,Hydrologists,detailed,60,47
30270,19-2099,"Physical Scientists, All Other",detailed,90,47
30271,19-3011,Economists,detailed,60,47
30272,19-3022,Survey Researchers,detailed,140,47
30273,19-3031,"Clinical, Counseling, and School Psychologists",detailed,1700,47
30274,19-3039,"Psychologists, All Other",detailed,260,47
30275,19-3051,Urban and Regional Planners,detailed,390,47
30276,19-3091,Anthropologists and Archeologists,detailed,50,47
30277,19-3099,"Social Scientists and Related Workers, All Other",detailed,460,47
30278,19-4010,Agricultural and Food Science Technicians,detailed,220,47
30279,19-4021,Biological Technicians,detailed,1340,47
30280,19-4031,Chemical Technicians,detailed,2120,47
30281,19-4042,"Environmental Science and Protection Technicians, Including Health",detailed,660,47
30282,19-4045,Geological and Hydrologic Technicians,detailed,270,47
30283,19-4051,Nuclear Technicians,detailed,190,47
30284,19-4061,Social Science Research Assistants,detailed,410,47
30285,19-4071,Forest and Conservation Technicians,detailed,360,47
30286,19-4092,Forensic Science Technicians,detailed,510,47
30287,19-4099,"Life, Physical, and Social Science Technicians, All Other",detailed,960,47
30288,19-5011,Occupational Health and Safety Specialists,detailed,1700,47
30289,19-5012,Occupational Health and Safety Technicians,detailed,430,47
30290,21-1012,"Educational, Guidance, and Career Counselors and Advisors",detailed,4800,47
30291,21-1013,Marriage and Family Therapists,detailed,850,47
30292,21-1015,Rehabilitation Counselors,detailed,1730,47
30293,21-1018,"Substance Abuse, Behavioral Disorder, and Mental Health Counselors",detailed,3270,47
30294,21-1019,"Counselors, All Other",detailed,1100,47
30295,21-1021,"Child, Family, and School Social Workers",detailed,5730,47
30296,21-1022,Healthcare Social Workers,detailed,4980,47
30297,21-1023,Mental Health and Substance Abuse Social Workers,detailed,1600,47
30298,21-1029,"Social Workers, All Other",detailed,1530,47
30299,21-1091,Health Education Specialists,detailed,790,47
30300,21-1092,Probation Officers and Correctional Treatment Specialists,detailed,2000,47
30301,21-1093,Social and Human Service Assistants,detailed,2890,47
30302,21-1094,Community Health Workers,detailed,900,47
30303,21-1099,"Community and Social Service Specialists, All Other",detailed,2120,47
30304,21-2011,Clergy,detailed,610,47
30305,21-2021,"Directors, Religious Activities and Education",detailed,240,47
30306,23-1011,Lawyers,detailed,7590,47
30307,23-1021,"Administrative Law Judges, Adjudicators, and Hearing Officers",detailed,300,47
30308,23-1022,"Arbitrators, Mediators, and Conciliators",detailed,120,47
30309,23-1023,"Judges, Magistrate Judges, and Magistrates",detailed,430,47
30310,23-2011,Paralegals and Legal Assistants,detailed,4900,47
30311,23-2093,"Title Examiners, Abstractors, and Searchers",detailed,1300,47
30312,23-2099,"Legal Support Workers, All Other",detailed,560,47
30313,25-1011,"Business Teachers, Postsecondary",detailed,1970,47
30314,25-1021,"Computer Science Teachers, Postsecondary",detailed,510,47
30315,25-1022,"Mathematical Science Teachers, Postsecondary",detailed,1090,47
30316,25-1031,"Architecture Teachers, Postsecondary",detailed,60,47
30317,25-1032,"Engineering Teachers, Postsecondary",detailed,780,47
30318,25-1041,"Agricultural Sciences Teachers, Postsecondary",detailed,100,47
30319,25-1042,"Biological Science Teachers, Postsecondary",detailed,1090,47
30320,25-1043,"Forestry and Conservation Science Teachers, Postsecondary",detailed,30,47
30321,25-1051,"Atmospheric, Earth, Marine, and Space Sciences Teachers, Postsecondary",detailed,120,47
30322,25-1052,"Chemistry Teachers, Postsecondary",detailed,470,47
30323,25-1053,"Environmental Science Teachers, Postsecondary",detailed,60,47
30324,25-1054,"Physics Teachers, Postsecondary",detailed,300,47
30325,25-1061,"Anthropology and Archeology Teachers, Postsecondary",detailed,70,47
30326,25-1062,"Area, Ethnic, and Cultural Studies Teachers, Postsecondary",detailed,40,47
30327,25-1063,"Economics Teachers, Postsecondary",detailed,270,47
30328,25-1064,"Geography Teachers, Postsecondary",detailed,60,47
30329,25-1065,"Political Science Teachers, Postsecondary",detailed,230,47
30330,25-1066,"Psychology Teachers, Postsecondary",detailed,710,47
30331,25-1067,"Sociology Teachers, Postsecondary",detailed,570,47
30332,25-1069,"Social Sciences Teachers, Postsecondary, All Other",detailed,260,47
30333,25-1071,"Health Specialties Teachers, Postsecondary",detailed,3710,47
30334,25-1072,"Nursing Instructors and Teachers, Postsecondary",detailed,1110,47
30335,25-1081,"Education Teachers, Postsecondary",detailed,860,47
30336,25-1082,"Library Science Teachers, Postsecondary",detailed,230,47
30337,25-1111,"Criminal Justice and Law Enforcement Teachers, Postsecondary",detailed,250,47
30338,25-1112,"Law Teachers, Postsecondary",detailed,280,47
30339,25-1113,"Social Work Teachers, Postsecondary",detailed,130,47
30340,25-1121,"Art, Drama, and Music Teachers, Postsecondary",detailed,1620,47
30341,25-1122,"Communications Teachers, Postsecondary",detailed,400,47
30342,25-1123,"English Language and Literature Teachers, Postsecondary",detailed,1330,47
30343,25-1124,"Foreign Language and Literature Teachers, Postsecondary",detailed,420,47
30344,25-1125,"History Teachers, Postsecondary",detailed,570,47
30345,25-1126,"Philosophy and Religion Teachers, Postsecondary",detailed,580,47
30346,25-1192,"Family and Consumer Sciences Teachers, Postsecondary",detailed,70,47
30347,25-1193,"Recreation and Fitness Studies Teachers, Postsecondary",detailed,140,47
30348,25-1194,"Career/Technical Education Teachers, Postsecondary",detailed,2350,47
30349,25-1199,"Postsecondary Teachers, All Other",detailed,2700,47
30350,25-2011,"Preschool Teachers, Except Special Education",detailed,6420,47
30351,25-2012,"Kindergarten Teachers, Except Special Education",detailed,3490,47
30352,25-2021,"Elementary School Teachers, Except Special Education",detailed,30620,47
30353,25-2022,"Middle School Teachers, Except Special and Career/Technical Education",detailed,13240,47
30354,25-2023,"Career/Technical Education Teachers, Middle School",detailed,130,47
30355,25-2031,"Secondary School Teachers, Except Special and Career/Technical Education",detailed,20690,47
30356,25-2032,"Career/Technical Education Teachers, Secondary School",detailed,2390,47
30357,25-2051,"Special Education Teachers, Preschool",detailed,260,47
30358,25-2052,"Special Education Teachers, Kindergarten and Elementary School",detailed,4130,47
30359,25-2057,"Special Education Teachers, Middle School",detailed,1310,47
30360,25-2058,"Special Education Teachers, Secondary School",detailed,3260,47
30361,25-2059,"Special Education Teachers, All Other",detailed,520,47
30362,25-3011,"Adult Basic Education, Adult Secondary Education, and English as a Second Language Instructors",detailed,420,47
30363,25-3021,Self-Enrichment Teachers,detailed,2450,47
30364,25-3031,"Substitute Teachers, Short-Term",detailed,5790,47
30365,25-3097,"Tutors and Teachers and Instructors, All Other",detailed,3340,47
30366,25-4011,Archivists,detailed,80,47
30367,25-4012,Curators,detailed,170,47
30368,25-4013,Museum Technicians and Conservators,detailed,190,47
30369,25-4022,Librarians and Media Collections Specialists,detailed,2670,47
30370,25-4031,Library Technicians,detailed,730,47
30371,25-9021,Farm and Home Management Educators,detailed,460,47
30372,25-9031,Instructional Coordinators,detailed,3180,47
30373,25-9044,"Teaching Assistants, Postsecondary",detailed,1180,47
30374,25-9045,"Teaching Assistants, Except Postsecondary",detailed,22680,47
30375,25-9099,"Educational Instruction and Library Workers, All Other",detailed,1490,47
30376,27-1011,Art Directors,detailed,450,47
30377,27-1012,Craft Artists,detailed,120,47
30378,27-1013,"Fine Artists, Including Painters, Sculptors, and Illustrators",detailed,**,47
30379,27-1014,Special Effects Artists and Animators,detailed,220,47
30380,27-1019,"Artists and Related Workers, All Other",detailed,80,47
30381,27-1021,Commercial and Industrial Designers,detailed,650,47
30382,27-1022,Fashion Designers,detailed,80,47
30383,27-1023,Floral Designers,detailed,860,47
30384,27-1024,Graphic Designers,detailed,3370,47
30385,27-1025,Interior Designers,detailed,1110,47
30386,27-1026,Merchandise Displayers and Window Trimmers,detailed,1990,47
30387,27-1027,Set and Exhibit Designers,detailed,200,47
30388,27-1029,"Designers, All Other",detailed,470,47
30389,27-2011,Actors,detailed,240,47
30390,27-2012,Producers and Directors,detailed,1580,47
30391,27-2021,Athletes and Sports Competitors,detailed,370,47
30392,27-2022,Coaches and Scouts,detailed,4570,47
30393,27-2023,"Umpires, Referees, and Other Sports Officials",detailed,540,47
30394,27-2031,Dancers,detailed,220,47
30395,27-2041,Music Directors and Composers,detailed,180,47
30396,27-2042,Musicians and Singers,detailed,2170,47
30397,27-2090,"Miscellaneous Entertainers and Performers, Sports and Related Workers",detailed,320,47
30398,27-3011,Broadcast Announcers and Radio Disc Jockeys,detailed,720,47
30399,27-3023,"News Analysts, Reporters, and Journalists",detailed,640,47
30400,27-3031,Public Relations Specialists,detailed,2090,47
30401,27-3041,Editors,detailed,1510,47
30402,27-3042,Technical Writers,detailed,410,47
30403,27-3043,Writers and Authors,detailed,850,47
30404,27-3091,Interpreters and Translators,detailed,750,47
30405,27-3099,"Media and Communication Workers, All Other",detailed,450,47
30406,27-4011,Audio and Video Technicians,detailed,1320,47
30407,27-4012,Broadcast Technicians,detailed,310,47
30408,27-4014,Sound Engineering Technicians,detailed,270,47
30409,27-4021,Photographers,detailed,1060,47
30410,27-4031,"Camera Operators, Television, Video, and Film",detailed,600,47
30411,27-4032,Film and Video Editors,detailed,260,47
30412,27-4098,"Lighting Technicians and Media and Communication Equipment Workers, All Other",detailed,330,47
30413,29-1011,Chiropractors,detailed,440,47
30414,29-1021,"Dentists, General",detailed,1410,47
30415,29-1023,Orthodontists,detailed,100,47
30416,29-1029,"Dentists, All Other Specialists",detailed,110,47
30417,29-1031,Dietitians and Nutritionists,detailed,1100,47
30418,29-1041,Optometrists,detailed,820,47
30419,29-1051,Pharmacists,detailed,7350,47
30420,29-1071,Physician Assistants,detailed,2010,47
30421,29-1081,Podiatrists,detailed,80,47
30422,29-1122,Occupational Therapists,detailed,2450,47
30423,29-1123,Physical Therapists,detailed,4920,47
30424,29-1124,Radiation Therapists,detailed,440,47
30425,29-1125,Recreational Therapists,detailed,300,47
30426,29-1126,Respiratory Therapists,detailed,3500,47
30427,29-1127,Speech-Language Pathologists,detailed,3150,47
30428,29-1128,Exercise Physiologists,detailed,130,47
30429,29-1129,"Therapists, All Other",detailed,370,47
30430,29-1131,Veterinarians,detailed,1750,47
30431,29-1141,Registered Nurses,detailed,63330,47
30432,29-1151,Nurse Anesthetists,detailed,2680,47
30433,29-1161,Nurse Midwives,detailed,40,47
30434,29-1171,Nurse Practitioners,detailed,7850,47
30435,29-1181,Audiologists,detailed,410,47
30436,29-1211,Anesthesiologists,detailed,920,47
30437,29-1215,Family Medicine Physicians,detailed,980,47
30438,29-1216,General Internal Medicine Physicians,detailed,490,47
30439,29-1218,Obstetricians and Gynecologists,detailed,210,47
30440,29-1221,"Pediatricians, General",detailed,1000,47
30441,29-1223,Psychiatrists,detailed,350,47
30442,29-1228,"Physicians, All Other; and Ophthalmologists, Except Pediatric",detailed,6790,47
30443,29-1248,"Surgeons, Except Ophthalmologists",detailed,170,47
30444,29-1292,Dental Hygienists,detailed,4180,47
30445,29-1298,"Acupuncturists and Healthcare Diagnosing or Treating Practitioners, All Other",detailed,360,47
30446,29-2010,Clinical Laboratory Technologists and Technicians,detailed,9380,47
30447,29-2031,Cardiovascular Technologists and Technicians,detailed,1280,47
30448,29-2032,Diagnostic Medical Sonographers,detailed,1570,47
30449,29-2033,Nuclear Medicine Technologists,detailed,520,47
30450,29-2034,Radiologic Technologists and Technicians,detailed,3880,47
30451,29-2035,Magnetic Resonance Imaging Technologists,detailed,1400,47
30452,29-2040,Emergency Medical Technicians and Paramedics,detailed,6960,47
30453,29-2051,Dietetic Technicians,detailed,810,47
30454,29-2052,Pharmacy Technicians,detailed,10270,47
30455,29-2053,Psychiatric Technicians,detailed,1120,47
30456,29-2055,Surgical Technologists,detailed,2690,47
30457,29-2056,Veterinary Technologists and Technicians,detailed,1950,47
30458,29-2057,Ophthalmic Medical Technicians,detailed,**,47
30459,29-2061,Licensed Practical and Licensed Vocational Nurses,detailed,25360,47
30460,29-2081,"Opticians, Dispensing",detailed,1450,47
30461,29-2091,Orthotists and Prosthetists,detailed,230,47
30462,29-2092,Hearing Aid Specialists,detailed,180,47
30463,29-2098,"Medical Dosimetrists, Medical Records Specialists, and Health Technologists and Technicians, All Other",detailed,5780,47
30464,29-9091,Athletic Trainers,detailed,**,47
30465,29-9092,Genetic Counselors,detailed,40,47
30466,29-9098,"Health Information Technologists, Medical Registrars, Surgical Assistants, and Healthcare Practitioners and Technical Workers, All Other",detailed,2280,47
30467,31-1120,Home Health and Personal Care Aides,detailed,27380,47
30468,31-1131,Nursing Assistants,detailed,29200,47
30469,31-1132,Orderlies,detailed,820,47
30470,31-1133,Psychiatric Aides,detailed,1770,47
30471,31-2011,Occupational Therapy Assistants,detailed,1020,47
30472,31-2012,Occupational Therapy Aides,detailed,50,47
30473,31-2021,Physical Therapist Assistants,detailed,3290,47
30474,31-2022,Physical Therapist Aides,detailed,1540,47
30475,31-9011,Massage Therapists,detailed,2200,47
30476,31-9091,Dental Assistants,detailed,5680,47
30477,31-9092,Medical Assistants,detailed,15280,47
30478,31-9093,Medical Equipment Preparers,detailed,1090,47
30479,31-9094,Medical Transcriptionists,detailed,1190,47
30480,31-9095,Pharmacy Aides,detailed,2550,47
30481,31-9096,Veterinary Assistants and Laboratory Animal Caretakers,detailed,2720,47
30482,31-9097,Phlebotomists,detailed,2290,47
30483,31-9099,"Healthcare Support Workers, All Other",detailed,1810,47
30484,33-1011,First-Line Supervisors of Correctional Officers,detailed,630,47
30485,33-1012,First-Line Supervisors of Police and Detectives,detailed,3930,47
30486,33-1021,First-Line Supervisors of Firefighting and Prevention Workers,detailed,2060,47
30487,33-1090,"Miscellaneous First-Line Supervisors, Protective Service Workers",detailed,1340,47
30488,33-2011,Firefighters,detailed,5450,47
30489,33-2021,Fire Inspectors and Investigators,detailed,320,47
30490,33-3011,Bailiffs,detailed,350,47
30491,33-3012,Correctional Officers and Jailers,detailed,9320,47
30492,33-3021,Detectives and Criminal Investigators,detailed,1530,47
30493,33-3031,Fish and Game Wardens,detailed,350,47
30494,33-3041,Parking Enforcement Workers,detailed,190,47
30495,33-3051,Police and Sheriff's Patrol Officers,detailed,13270,47
30496,33-9011,Animal Control Workers,detailed,320,47
30497,33-9021,Private Detectives and Investigators,detailed,680,47
30498,33-9032,Security Guards,detailed,23990,47
30499,33-9091,Crossing Guards and Flaggers,detailed,2320,47
30500,33-9092,"Lifeguards, Ski Patrol, and Other Recreational Protective Service Workers",detailed,2500,47
30501,33-9093,Transportation Security Screeners,detailed,620,47
30502,33-9098,"School Bus Monitors and Protective Service Workers, All Other",detailed,1440,47
30503,35-1011,Chefs and Head Cooks,detailed,1590,47
30504,35-1012,First-Line Supervisors of Food Preparation and Serving Workers,detailed,21480,47
30505,35-2011,"Cooks, Fast Food",detailed,19740,47
30506,35-2012,"Cooks, Institution and Cafeteria",detailed,9870,47
30507,35-2014,"Cooks, Restaurant",detailed,24320,47
30508,35-2015,"Cooks, Short Order",detailed,7000,47
30509,35-2019,"Cooks, All Other",detailed,1390,47
30510,35-2021,Food Preparation Workers,detailed,35940,47
30511,35-3011,Bartenders,detailed,7550,47
30512,35-3023,Fast Food and Counter Workers,detailed,66270,47
30513,35-3031,Waiters and Waitresses,detailed,55250,47
30514,35-3041,"Food Servers, Nonrestaurant",detailed,6240,47
30515,35-9011,Dining Room and Cafeteria Attendants and Bartender Helpers,detailed,6350,47
30516,35-9021,Dishwashers,detailed,8230,47
30517,35-9031,"Hosts and Hostesses, Restaurant, Lounge, and Coffee Shop",detailed,10560,47
30518,35-9099,"Food Preparation and Serving Related Workers, All Other",detailed,900,47
30519,37-1011,First-Line Supervisors of Housekeeping and Janitorial Workers,detailed,3740,47
30520,37-1012,"First-Line Supervisors of Landscaping, Lawn Service, and Groundskeeping Workers",detailed,2490,47
30521,37-2011,"Janitors and Cleaners, Except Maids and Housekeeping Cleaners",detailed,38300,47
30522,37-2012,Maids and Housekeeping Cleaners,detailed,18190,47
30523,37-2021,Pest Control Workers,detailed,2590,47
30524,37-3011,Landscaping and Groundskeeping Workers,detailed,14850,47
30525,37-3012,"Pesticide Handlers, Sprayers, and Applicators, Vegetation",detailed,150,47
30526,37-3013,Tree Trimmers and Pruners,detailed,1500,47
30527,37-3019,"Grounds Maintenance Workers, All Other",detailed,1080,47
30528,39-1098,"First-Line Supervisors of Personal Service and Entertainment and Recreation Workers, Except Gambling Services",detailed,3530,47
30529,39-2011,Animal Trainers,detailed,130,47
30530,39-2021,Animal Caretakers,detailed,3560,47
30531,39-3021,Motion Picture Projectionists,detailed,150,47
30532,39-3031,"Ushers, Lobby Attendants, and Ticket Takers",detailed,3880,47
30533,39-3091,Amusement and Recreation Attendants,detailed,5570,47
30534,39-3092,Costume Attendants,detailed,70,47
30535,39-3093,"Locker Room, Coatroom, and Dressing Room Attendants",detailed,110,47
30536,39-3099,"Entertainment Attendants and Related Workers, All Other",detailed,90,47
30537,39-4011,Embalmers,detailed,130,47
30538,39-4021,Funeral Attendants,detailed,1070,47
30539,39-4031,"Morticians, Undertakers, and Funeral Arrangers",detailed,660,47
30540,39-5011,Barbers,detailed,**,47
30541,39-5012,"Hairdressers, Hairstylists, and Cosmetologists",detailed,6780,47
30542,39-5092,Manicurists and Pedicurists,detailed,470,47
30543,39-5093,Shampooers,detailed,110,47
30544,39-5094,Skincare Specialists,detailed,990,47
30545,39-6011,Baggage Porters and Bellhops,detailed,570,47
30546,39-6012,Concierges,detailed,720,47
30547,39-7010,Tour and Travel Guides,detailed,1330,47
30548,39-9011,Childcare Workers,detailed,10560,47
30549,39-9031,Exercise Trainers and Group Fitness Instructors,detailed,3360,47
30550,39-9032,Recreation Workers,detailed,5470,47
30551,39-9041,Residential Advisors,detailed,6410,47
30552,39-9098,"Crematory Operators and Personal Care and Service Workers, All Other",detailed,1210,47
30553,41-1011,First-Line Supervisors of Retail Sales Workers,detailed,30210,47
30554,41-1012,First-Line Supervisors of Non-Retail Sales Workers,detailed,5630,47
30555,41-2011,Cashiers,detailed,74130,47
30556,41-2021,Counter and Rental Clerks,detailed,5780,47
30557,41-2022,Parts Salespersons,detailed,5390,47
30558,41-2031,Retail Salespersons,detailed,90030,47
30559,41-3011,Advertising Sales Agents,detailed,2230,47
30560,41-3021,Insurance Sales Agents,detailed,6980,47
30561,41-3031,"Securities, Commodities, and Financial Services Sales Agents",detailed,4260,47
30562,41-3041,Travel Agents,detailed,990,47
30563,41-3091,"Sales Representatives of Services, Except Advertising, Insurance, Financial Services, and Travel",detailed,17380,47
30564,41-4011,"Sales Representatives, Wholesale and Manufacturing, Technical and Scientific Products",detailed,13020,47
30565,41-4012,"Sales Representatives, Wholesale and Manufacturing, Except Technical and Scientific Products",detailed,17110,47
30566,41-9011,Demonstrators and Product Promoters,detailed,870,47
30567,41-9012,Models,detailed,110,47
30568,41-9021,Real Estate Brokers,detailed,660,47
30569,41-9022,Real Estate Sales Agents,detailed,1880,47
30570,41-9031,Sales Engineers,detailed,520,47
30571,41-9041,Telemarketers,detailed,2540,47
30572,41-9091,"Door-to-Door Sales Workers, News and Street Vendors, and Related Workers",detailed,60,47
30573,41-9099,"Sales and Related Workers, All Other",detailed,2730,47
30574,43-1011,First-Line Supervisors of Office and Administrative Support Workers,detailed,38440,47
30575,43-2011,"Switchboard Operators, Including Answering Service",detailed,1310,47
30576,43-2021,Telephone Operators,detailed,100,47
30577,43-2099,"Communications Equipment Operators, All Other",detailed,110,47
30578,43-3011,Bill and Account Collectors,detailed,6440,47
30579,43-3021,Billing and Posting Clerks,detailed,10730,47
30580,43-3031,"Bookkeeping, Accounting, and Auditing Clerks",detailed,33770,47
30581,43-3051,Payroll and Timekeeping Clerks,detailed,2560,47
30582,43-3061,Procurement Clerks,detailed,1200,47
30583,43-3071,Tellers,detailed,10390,47
30584,43-3099,"Financial Clerks, All Other",detailed,810,47
30585,43-4011,Brokerage Clerks,detailed,1270,47
30586,43-4021,Correspondence Clerks,detailed,200,47
30587,43-4031,"Court, Municipal, and License Clerks",detailed,2530,47
30588,43-4041,"Credit Authorizers, Checkers, and Clerks",detailed,810,47
30589,43-4051,Customer Service Representatives,detailed,67820,47
30590,43-4061,"Eligibility Interviewers, Government Programs",detailed,3190,47
30591,43-4071,File Clerks,detailed,1970,47
30592,43-4081,"Hotel, Motel, and Resort Desk Clerks",detailed,5930,47
30593,43-4111,"Interviewers, Except Eligibility and Loan",detailed,5480,47
30594,43-4121,"Library Assistants, Clerical",detailed,1510,47
30595,43-4131,Loan Interviewers and Clerks,detailed,4530,47
30596,43-4141,New Accounts Clerks,detailed,1940,47
30597,43-4151,Order Clerks,detailed,3800,47
30598,43-4161,"Human Resources Assistants, Except Payroll and Timekeeping",detailed,2100,47
30599,43-4171,Receptionists and Information Clerks,detailed,19080,47
30600,43-4181,Reservation and Transportation Ticket Agents and Travel Clerks,detailed,1590,47
30601,43-4199,"Information and Record Clerks, All Other",detailed,3750,47
30602,43-5011,Cargo and Freight Agents,detailed,1660,47
30603,43-5021,Couriers and Messengers,detailed,1720,47
30604,43-5031,Public Safety Telecommunicators,detailed,1860,47
30605,43-5032,"Dispatchers, Except Police, Fire, and Ambulance",detailed,4640,47
30606,43-5041,"Meter Readers, Utilities",detailed,780,47
30607,43-5051,Postal Service Clerks,detailed,1410,47
30608,43-5052,Postal Service Mail Carriers,detailed,7090,47
30609,43-5053,"Postal Service Mail Sorters, Processors, and Processing Machine Operators",detailed,2200,47
30610,43-5061,"Production, Planning, and Expediting Clerks",detailed,8620,47
30611,43-5071,"Shipping, Receiving, and Inventory Clerks",detailed,18730,47
30612,43-5111,"Weighers, Measurers, Checkers, and Samplers, Recordkeeping",detailed,1420,47
30613,43-6011,Executive Secretaries and Executive Administrative Assistants,detailed,5840,47
30614,43-6012,Legal Secretaries and Administrative Assistants,detailed,2530,47
30615,43-6013,Medical Secretaries and Administrative Assistants,detailed,10470,47
30616,43-6014,"Secretaries and Administrative Assistants, Except Legal, Medical, and Executive",detailed,42040,47
30617,43-9021,Data Entry Keyers,detailed,2740,47
30618,43-9022,Word Processors and Typists,detailed,490,47
30619,43-9031,Desktop Publishers,detailed,220,47
30620,43-9041,Insurance Claims and Policy Processing Clerks,detailed,3680,47
30621,43-9051,"Mail Clerks and Mail Machine Operators, Except Postal Service",detailed,1250,47
30622,43-9061,"Office Clerks, General",detailed,59540,47
30623,43-9071,"Office Machine Operators, Except Computer",detailed,1370,47
30624,43-9081,Proofreaders and Copy Markers,detailed,90,47
30625,43-9111,Statistical Assistants,detailed,320,47
30626,43-9199,"Office and Administrative Support Workers, All Other",detailed,3360,47
30627,45-1011,"First-Line Supervisors of Farming, Fishing, and Forestry Workers",detailed,280,47
30628,45-2011,Agricultural Inspectors,detailed,330,47
30629,45-2041,"Graders and Sorters, Agricultural Products",detailed,490,47
30630,45-2091,Agricultural Equipment Operators,detailed,300,47
30631,45-2092,"Farmworkers and Laborers, Crop, Nursery, and Greenhouse",detailed,1590,47
30632,45-2093,"Farmworkers, Farm, Ranch, and Aquacultural Animals",detailed,510,47
30633,45-2099,"Agricultural Workers, All Other",detailed,240,47
30634,45-4011,Forest and Conservation Workers,detailed,350,47
30635,45-4021,Fallers,detailed,310,47
30636,45-4022,Logging Equipment Operators,detailed,650,47
30637,45-4023,Log Graders and Scalers,detailed,**,47
30638,45-4029,"Logging Workers, All Other",detailed,60,47
30639,47-1011,First-Line Supervisors of Construction Trades and Extraction Workers,detailed,10410,47
30640,47-2011,Boilermakers,detailed,420,47
30641,47-2021,Brickmasons and Blockmasons,detailed,1340,47
30642,47-2022,Stonemasons,detailed,80,47
30643,47-2031,Carpenters,detailed,8490,47
30644,47-2041,Carpet Installers,detailed,250,47
30645,47-2042,"Floor Layers, Except Carpet, Wood, and Hard Tiles",detailed,260,47
30646,47-2043,Floor Sanders and Finishers,detailed,140,47
30647,47-2044,Tile and Stone Setters,detailed,240,47
30648,47-2051,Cement Masons and Concrete Finishers,detailed,2920,47
30649,47-2061,Construction Laborers,detailed,17940,47
30650,47-2071,"Paving, Surfacing, and Tamping Equipment Operators",detailed,1510,47
30651,47-2072,Pile Driver Operators,detailed,110,47
30652,47-2073,Operating Engineers and Other Construction Equipment Operators,detailed,6640,47
30653,47-2081,Drywall and Ceiling Tile Installers,detailed,1040,47
30654,47-2111,Electricians,detailed,12480,47
30655,47-2121,Glaziers,detailed,1020,47
30656,47-2131,"Insulation Workers, Floor, Ceiling, and Wall",detailed,900,47
30657,47-2132,"Insulation Workers, Mechanical",detailed,540,47
30658,47-2141,"Painters, Construction and Maintenance",detailed,3220,47
30659,47-2151,Pipelayers,detailed,1210,47
30660,47-2152,"Plumbers, Pipefitters, and Steamfitters",detailed,6390,47
30661,47-2161,Plasterers and Stucco Masons,detailed,140,47
30662,47-2171,Reinforcing Iron and Rebar Workers,detailed,490,47
30663,47-2181,Roofers,detailed,2240,47
30664,47-2211,Sheet Metal Workers,detailed,3090,47
30665,47-2221,Structural Iron and Steel Workers,detailed,870,47
30666,47-2231,Solar Photovoltaic Installers,detailed,30,47
30667,47-3011,"Helpers--Brickmasons, Blockmasons, Stonemasons, and Tile and Marble Setters",detailed,840,47
30668,47-3012,Helpers--Carpenters,detailed,750,47
30669,47-3013,Helpers--Electricians,detailed,2790,47
30670,47-3014,"Helpers--Painters, Paperhangers, Plasterers, and Stucco Masons",detailed,**,47
30671,47-3015,"Helpers--Pipelayers, Plumbers, Pipefitters, and Steamfitters",detailed,780,47
30672,47-3016,Helpers--Roofers,detailed,**,47
30673,47-3019,"Helpers, Construction Trades, All Other",detailed,1050,47
30674,47-4011,Construction and Building Inspectors,detailed,1450,47
30675,47-4021,Elevator and Escalator Installers and Repairers,detailed,340,47
30676,47-4031,Fence Erectors,detailed,340,47
30677,47-4041,Hazardous Materials Removal Workers,detailed,370,47
30678,47-4051,Highway Maintenance Workers,detailed,1570,47
30679,47-4061,Rail-Track Laying and Maintenance Equipment Operators,detailed,210,47
30680,47-4071,Septic Tank Servicers and Sewer Pipe Cleaners,detailed,510,47
30681,47-4090,Miscellaneous Construction and Related Workers,detailed,1510,47
30682,47-5012,"Rotary Drill Operators, Oil and Gas",detailed,60,47
30683,47-5013,"Service Unit Operators, Oil and Gas",detailed,70,47
30684,47-5022,"Excavating and Loading Machine and Dragline Operators, Surface Mining",detailed,990,47
30685,47-5041,Continuous Mining Machine Operators,detailed,60,47
30686,47-5044,"Loading and Moving Machine Operators, Underground Mining",detailed,30,47
30687,47-5051,"Rock Splitters, Quarry",detailed,210,47
30688,47-5081,Helpers--Extraction Workers,detailed,260,47
30689,47-5097,"Earth Drillers, Except Oil and Gas; and Explosives Workers, Ordnance Handling Experts, and Blasters",detailed,550,47
30690,47-5098,"Underground Mining Machine Operators and Extraction Workers, All Other",detailed,670,47
30691,49-1011,"First-Line Supervisors of Mechanics, Installers, and Repairers",detailed,9420,47
30692,49-2011,"Computer, Automated Teller, and Office Machine Repairers",detailed,1170,47
30693,49-2021,"Radio, Cellular, and Tower Equipment Installers and Repairers",detailed,620,47
30694,49-2022,"Telecommunications Equipment Installers and Repairers, Except Line Installers",detailed,4830,47
30695,49-2091,Avionics Technicians,detailed,200,47
30696,49-2092,"Electric Motor, Power Tool, and Related Repairers",detailed,620,47
30697,49-2093,"Electrical and Electronics Installers and Repairers, Transportation Equipment",detailed,280,47
30698,49-2094,"Electrical and Electronics Repairers, Commercial and Industrial Equipment",detailed,1620,47
30699,49-2095,"Electrical and Electronics Repairers, Powerhouse, Substation, and Relay",detailed,560,47
30700,49-2096,"Electronic Equipment Installers and Repairers, Motor Vehicles",detailed,240,47
30701,49-2097,Audiovisual Equipment Installers and Repairers,detailed,660,47
30702,49-2098,Security and Fire Alarm Systems Installers,detailed,1540,47
30703,49-3011,Aircraft Mechanics and Service Technicians,detailed,1250,47
30704,49-3021,Automotive Body and Related Repairers,detailed,3730,47
30705,49-3022,Automotive Glass Installers and Repairers,detailed,250,47
30706,49-3023,Automotive Service Technicians and Mechanics,detailed,16130,47
30707,49-3031,Bus and Truck Mechanics and Diesel Engine Specialists,detailed,5770,47
30708,49-3041,Farm Equipment Mechanics and Service Technicians,detailed,270,47
30709,49-3042,"Mobile Heavy Equipment Mechanics, Except Engines",detailed,2610,47
30710,49-3043,Rail Car Repairers,detailed,350,47
30711,49-3051,Motorboat Mechanics and Service Technicians,detailed,270,47
30712,49-3052,Motorcycle Mechanics,detailed,300,47
30713,49-3053,Outdoor Power Equipment and Other Small Engine Mechanics,detailed,870,47
30714,49-3091,Bicycle Repairers,detailed,**,47
30715,49-3092,Recreational Vehicle Service Technicians,detailed,420,47
30716,49-3093,Tire Repairers and Changers,detailed,2570,47
30717,49-9011,Mechanical Door Repairers,detailed,270,47
30718,49-9012,"Control and Valve Installers and Repairers, Except Mechanical Door",detailed,820,47
30719,49-9021,"Heating, Air Conditioning, and Refrigeration Mechanics and Installers",detailed,8330,47
30720,49-9031,Home Appliance Repairers,detailed,450,47
30721,49-9041,Industrial Machinery Mechanics,detailed,9540,47
30722,49-9043,"Maintenance Workers, Machinery",detailed,3020,47
30723,49-9044,Millwrights,detailed,1310,47
30724,49-9045,"Refractory Materials Repairers, Except Brickmasons",detailed,30,47
30725,49-9051,Electrical Power-Line Installers and Repairers,detailed,2240,47
30726,49-9052,Telecommunications Line Installers and Repairers,detailed,1590,47
30727,49-9061,Camera and Photographic Equipment Repairers,detailed,130,47
30728,49-9062,Medical Equipment Repairers,detailed,1290,47
30729,49-9063,Musical Instrument Repairers and Tuners,detailed,160,47
30730,49-9064,Watch and Clock Repairers,detailed,**,47
30731,49-9069,"Precision Instrument and Equipment Repairers, All Other",detailed,340,47
30732,49-9071,"Maintenance and Repair Workers, General",detailed,27890,47
30733,49-9091,"Coin, Vending, and Amusement Machine Servicers and Repairers",detailed,620,47
30734,49-9092,Commercial Divers,detailed,**,47
30735,49-9094,Locksmiths and Safe Repairers,detailed,270,47
30736,49-9095,Manufactured Building and Mobile Home Installers,detailed,**,47
30737,49-9096,Riggers,detailed,**,47
30738,49-9098,"Helpers--Installation, Maintenance, and Repair Workers",detailed,2240,47
30739,49-9099,"Installation, Maintenance, and Repair Workers, All Other",detailed,6360,47
30740,51-1011,First-Line Supervisors of Production and Operating Workers,detailed,18790,47
30741,51-2021,"Coil Winders, Tapers, and Finishers",detailed,680,47
30742,51-2028,"Electrical, Electronic, and Electromechanical Assemblers, Except Coil Winders, Tapers, and Finishers",detailed,6050,47
30743,51-2031,Engine and Other Machine Assemblers,detailed,1210,47
30744,51-2041,Structural Metal Fabricators and Fitters,detailed,1670,47
30745,51-2051,Fiberglass Laminators and Fabricators,detailed,1320,47
30746,51-2061,Timing Device Assemblers and Adjusters,detailed,170,47
30747,51-2090,Miscellaneous Assemblers and Fabricators,detailed,50280,47
30748,51-3011,Bakers,detailed,2820,47
30749,51-3021,Butchers and Meat Cutters,detailed,1490,47
30750,51-3022,"Meat, Poultry, and Fish Cutters and Trimmers",detailed,3330,47
30751,51-3023,Slaughterers and Meat Packers,detailed,1050,47
30752,51-3091,"Food and Tobacco Roasting, Baking, and Drying Machine Operators and Tenders",detailed,610,47
30753,51-3092,Food Batchmakers,detailed,5770,47
30754,51-3093,Food Cooking Machine Operators and Tenders,detailed,500,47
30755,51-3099,"Food Processing Workers, All Other",detailed,**,47
30756,51-4021,"Extruding and Drawing Machine Setters, Operators, and Tenders, Metal and Plastic",detailed,1170,47
30757,51-4022,"Forging Machine Setters, Operators, and Tenders, Metal and Plastic",detailed,1120,47
30758,51-4023,"Rolling Machine Setters, Operators, and Tenders, Metal and Plastic",detailed,**,47
30759,51-4031,"Cutting, Punching, and Press Machine Setters, Operators, and Tenders, Metal and Plastic",detailed,7500,47
30760,51-4032,"Drilling and Boring Machine Tool Setters, Operators, and Tenders, Metal and Plastic",detailed,340,47
30761,51-4033,"Grinding, Lapping, Polishing, and Buffing Machine Tool Setters, Operators, and Tenders, Metal and Plastic",detailed,1950,47
30762,51-4034,"Lathe and Turning Machine Tool Setters, Operators, and Tenders, Metal and Plastic",detailed,610,47
30763,51-4035,"Milling and Planing Machine Setters, Operators, and Tenders, Metal and Plastic",detailed,1210,47
30764,51-4041,Machinists,detailed,9460,47
30765,51-4051,Metal-Refining Furnace Operators and Tenders,detailed,640,47
30766,51-4052,"Pourers and Casters, Metal",detailed,210,47
30767,51-4061,"Model Makers, Metal and Plastic",detailed,200,47
30768,51-4062,"Patternmakers, Metal and Plastic",detailed,150,47
30769,51-4071,Foundry Mold and Coremakers,detailed,760,47
30770,51-4072,"Molding, Coremaking, and Casting Machine Setters, Operators, and Tenders, Metal and Plastic",detailed,4060,47
30771,51-4081,"Multiple Machine Tool Setters, Operators, and Tenders, Metal and Plastic",detailed,8910,47
30772,51-4111,Tool and Die Makers,detailed,2650,47
30773,51-4121,"Welders, Cutters, Solderers, and Brazers",detailed,10350,47
30774,51-4122,"Welding, Soldering, and Brazing Machine Setters, Operators, and Tenders",detailed,2060,47
30775,51-4191,"Heat Treating Equipment Setters, Operators, and Tenders, Metal and Plastic",detailed,600,47
30776,51-4192,"Layout Workers, Metal and Plastic",detailed,220,47
30777,51-4193,"Plating Machine Setters, Operators, and Tenders, Metal and Plastic",detailed,860,47
30778,51-4194,"Tool Grinders, Filers, and Sharpeners",detailed,180,47
30779,51-4199,"Metal Workers and Plastic Workers, All Other",detailed,2880,47
30780,51-5111,Prepress Technicians and Workers,detailed,700,47
30781,51-5112,Printing Press Operators,detailed,3840,47
30782,51-5113,Print Binding and Finishing Workers,detailed,840,47
30783,51-6011,Laundry and Dry-Cleaning Workers,detailed,5230,47
30784,51-6021,"Pressers, Textile, Garment, and Related Materials",detailed,650,47
30785,51-6031,Sewing Machine Operators,detailed,4050,47
30786,51-6041,Shoe and Leather Workers and Repairers,detailed,120,47
30787,51-6051,"Sewers, Hand",detailed,70,47
30788,51-6052,"Tailors, Dressmakers, and Custom Sewers",detailed,410,47
30789,51-6061,Textile Bleaching and Dyeing Machine Operators and Tenders,detailed,240,47
30790,51-6062,"Textile Cutting Machine Setters, Operators, and Tenders",detailed,780,47
30791,51-6063,"Textile Knitting and Weaving Machine Setters, Operators, and Tenders",detailed,540,47
30792,51-6064,"Textile Winding, Twisting, and Drawing Out Machine Setters, Operators, and Tenders",detailed,620,47
30793,51-6091,"Extruding and Forming Machine Setters, Operators, and Tenders, Synthetic and Glass Fibers",detailed,390,47
30794,51-6092,Fabric and Apparel Patternmakers,detailed,60,47
30795,51-6093,Upholsterers,detailed,820,47
30796,51-6099,"Textile, Apparel, and Furnishings Workers, All Other",detailed,1110,47
30797,51-7011,Cabinetmakers and Bench Carpenters,detailed,1710,47
30798,51-7021,Furniture Finishers,detailed,270,47
30799,51-7041,"Sawing Machine Setters, Operators, and Tenders, Wood",detailed,1280,47
30800,51-7042,"Woodworking Machine Setters, Operators, and Tenders, Except Sawing",detailed,2040,47
30801,51-7099,"Woodworkers, All Other",detailed,1180,47
30802,51-8011,Nuclear Power Reactor Operators,detailed,240,47
30803,51-8012,Power Distributors and Dispatchers,detailed,80,47
30804,51-8013,Power Plant Operators,detailed,630,47
30805,51-8021,Stationary Engineers and Boiler Operators,detailed,390,47
30806,51-8031,Water and Wastewater Treatment Plant and System Operators,detailed,2860,47
30807,51-8091,Chemical Plant and System Operators,detailed,390,47
30808,51-8092,Gas Plant Operators,detailed,200,47
30809,51-8093,"Petroleum Pump System Operators, Refinery Operators, and Gaugers",detailed,360,47
30810,51-8099,"Plant and System Operators, All Other",detailed,360,47
30811,51-9011,Chemical Equipment Operators and Tenders,detailed,2830,47
30812,51-9012,"Separating, Filtering, Clarifying, Precipitating, and Still Machine Setters, Operators, and Tenders",detailed,710,47
30813,51-9021,"Crushing, Grinding, and Polishing Machine Setters, Operators, and Tenders",detailed,740,47
30814,51-9022,"Grinding and Polishing Workers, Hand",detailed,330,47
30815,51-9023,"Mixing and Blending Machine Setters, Operators, and Tenders",detailed,1690,47
30816,51-9031,"Cutters and Trimmers, Hand",detailed,100,47
30817,51-9032,"Cutting and Slicing Machine Setters, Operators, and Tenders",detailed,1630,47
30818,51-9041,"Extruding, Forming, Pressing, and Compacting Machine Setters, Operators, and Tenders",detailed,2530,47
30819,51-9051,"Furnace, Kiln, Oven, Drier, and Kettle Operators and Tenders",detailed,680,47
30820,51-9061,"Inspectors, Testers, Sorters, Samplers, and Weighers",detailed,15080,47
30821,51-9071,Jewelers and Precious Stone and Metal Workers,detailed,340,47
30822,51-9081,Dental Laboratory Technicians,detailed,530,47
30823,51-9082,Medical Appliance Technicians,detailed,390,47
30824,51-9083,Ophthalmic Laboratory Technicians,detailed,460,47
30825,51-9111,Packaging and Filling Machine Operators and Tenders,detailed,8890,47
30826,51-9123,"Painting, Coating, and Decorating Workers",detailed,730,47
30827,51-9124,"Coating, Painting, and Spraying Machine Setters, Operators, and Tenders",detailed,3240,47
30828,51-9151,Photographic Process Workers and Processing Machine Operators,detailed,410,47
30829,51-9161,Computer Numerically Controlled Tool Operators,detailed,2540,47
30830,51-9162,Computer Numerically Controlled Tool Programmers,detailed,490,47
30831,51-9191,Adhesive Bonding Machine Operators and Tenders,detailed,250,47
30832,51-9192,"Cleaning, Washing, and Metal Pickling Equipment Operators and Tenders",detailed,540,47
30833,51-9193,Cooling and Freezing Equipment Operators and Tenders,detailed,200,47
30834,51-9194,Etchers and Engravers,detailed,370,47
30835,51-9195,"Molders, Shapers, and Casters, Except Metal and Plastic",detailed,980,47
30836,51-9196,"Paper Goods Machine Setters, Operators, and Tenders",detailed,2720,47
30837,51-9197,Tire Builders,detailed,1870,47
30838,51-9198,Helpers--Production Workers,detailed,8040,47
30839,51-9199,"Production Workers, All Other",detailed,19000,47
30840,53-1041,Aircraft Cargo Handling Supervisors,detailed,**,47
30841,53-1047,"First-Line Supervisors of Transportation and Material Moving Workers, Except Aircraft Cargo Handling Supervisors",detailed,13310,47
30842,53-2011,"Airline Pilots, Copilots, and Flight Engineers",detailed,270,47
30843,53-2012,Commercial Pilots,detailed,340,47
30844,53-2021,Air Traffic Controllers,detailed,640,47
30845,53-2022,Airfield Operations Specialists,detailed,130,47
30846,53-3011,"Ambulance Drivers and Attendants, Except Emergency Medical Technicians",detailed,490,47
30847,53-3031,Driver/Sales Workers,detailed,7300,47
30848,53-3032,Heavy and Tractor-Trailer Truck Drivers,detailed,63790,47
30849,53-3033,Light Truck Drivers,detailed,22190,47
30850,53-3052,"Bus Drivers, Transit and Intercity",detailed,2910,47
30851,53-3058,"Passenger Vehicle Drivers, Except Bus Drivers, Transit and Intercity",detailed,11470,47
30852,53-3099,"Motor Vehicle Operators, All Other",detailed,1240,47
30853,53-4013,"Rail Yard Engineers, Dinkey Operators, and Hostlers",detailed,90,47
30854,53-4099,"Rail Transportation Workers, All Other",detailed,60,47
30855,53-5011,Sailors and Marine Oilers,detailed,150,47
30856,53-5021,"Captains, Mates, and Pilots of Water Vessels",detailed,1430,47
30857,53-5031,Ship Engineers,detailed,260,47
30858,53-6011,Bridge and Lock Tenders,detailed,60,47
30859,53-6021,Parking Attendants,detailed,2510,47
30860,53-6031,Automotive and Watercraft Service Attendants,detailed,3280,47
30861,53-6041,Traffic Technicians,detailed,620,47
30862,53-6051,Transportation Inspectors,detailed,350,47
30863,53-6061,Passenger Attendants,detailed,50,47
30864,53-6098,"Aircraft Service Attendants and Transportation Workers, All Other",detailed,870,47
30865,53-7011,Conveyor Operators and Tenders,detailed,480,47
30866,53-7021,Crane and Tower Operators,detailed,590,47
30867,53-7041,Hoist and Winch Operators,detailed,50,47
30868,53-7051,Industrial Truck and Tractor Operators,detailed,16390,47
30869,53-7061,Cleaners of Vehicles and Equipment,detailed,7190,47
30870,53-7062,"Laborers and Freight, Stock, and Material Movers, Hand",detailed,93310,47
30871,53-7063,Machine Feeders and Offbearers,detailed,2000,47
30872,53-7064,"Packers and Packagers, Hand",detailed,17910,47
30873,53-7065,Stockers and Order Fillers,detailed,59650,47
30874,53-7071,Gas Compressor and Gas Pumping Station Operators,detailed,130,47
30875,53-7081,Refuse and Recyclable Material Collectors,detailed,2740,47
30876,53-7121,"Tank Car, Truck, and Ship Loaders",detailed,410,47
30877,53-7199,"Material Moving Workers, All Other",detailed,1720,47
394650,00-0000,All Occupations,total,3007710,47
